Track,Race,RaceDate,PostTime,Gait,Condition,Purse,TCR,ClassTag,BasePoints,TCR_Points,Purse_Points,AdjustedPoints,ClassBand,SourceXML
CHRTN,1,2026-05-02,6:00 AM,PACE,N/W $301 L4 STARTS,2500.0,65.0,NW Condition,60,6.5,0.08333333333333333,67,Mid,chr20260502hmpXML.xml
CHRTN,2,2026-05-02,6:18 AM,PACE,5 YEARS OLD & YOUNGER WINNERS OF 1 BUT NOT MORE THAN 2 RACES LIFETIME  (N/W 1 DRAW INSIDE) (FILLIES & MARES),4050.0,57.0,NW Condition,60,5.7,0.6666666666666666,66,Mid,chr20260502hmpXML.xml
CHRTN,3,2026-05-02,6:36 AM,PACE,N/W $701 L4 STARTS +ALLOWANCES,3350.0,70.0,NW Condition,60,7.0,0.16666666666666666,67,Mid,chr20260502hmpXML.xml
CHRTN,4,2026-05-02,6:54 AM,PACE,N/W $1001 L4 STARTS & N/W $671 L3 DRAW OUTSIDE,3500.0,71.0,NW Condition,60,7.1000000000000005,0.3333333333333333,67,Mid,chr20260502hmpXML.xml
CHRTN,5,2026-05-02,7:12 AM,PACE,N/W $1001 L4 STARTS +ALLOWANCES,3500.0,70.0,NW Condition,60,7.0,0.3333333333333333,67,Mid,chr20260502hmpXML.xml
CHRTN,6,2026-05-02,7:30 AM,PACE,N/W $2601 L4 STARTS AE MARES N/W $3151 L4 +ALLOWANCES DRAW OUTSIDE,4950.0,79.0,NW Condition,60,7.9,0.9166666666666666,69,Mid,chr20260502hmpXML.xml
CHRTN,7,2026-05-02,8:03 AM,PACE,5 YEARS OLD & YOUNGER WINNERS OF 1 BUT NOT MORE THAN 2 RACES LIFETIME (PEI FOALED 3) (N/W 1 DRAW INSIDE) (HORSES & GELDINGS),4050.0,64.0,NW Condition,60,6.4,0.6666666666666666,67,Mid,chr20260502hmpXML.xml
CHRTN,8,2026-05-02,8:21 AM,PACE,5 YEARS OLD & YOUNGER WINNERS OF 3 BUT NOT MORE THAN 5 RACES LIFETIME,4450.0,63.0,"Low (Unknown, purse<7k)",10,6.300000000000001,0.8333333333333334,17,Low,chr20260502hmpXML.xml
CHRTN,9,2026-05-02,8:39 AM,PACE,N/W $1301 L4 STARTS AE N/W $1601 L4 & N/W 7 RACES LIFE & N/W $1035 L3 DRAW OUTSIDE,3800.0,73.0,NW Condition,60,7.300000000000001,0.5,68,Mid,chr20260502hmpXML.xml
CHRTN,10,2026-05-02,8:57 AM,PACE,FILLIES & MARES N/W $1301 L4 STARTS +ALLOWANCES & N/W $550 L3,3700.0,70.0,NW Condition,60,7.0,0.4166666666666667,67,Mid,chr20260502hmpXML.xml
CHRTN,11,2026-05-02,9:15 AM,PACE,PREFERRED 2 N/W $3151 L4 STARTS & OPEN MARES AE PREFERRED 1 DRAW OUTSIDE,6250.0,84.0,Open/Preferred,85,8.4,1.0,94,Top,chr20260502hmpXML.xml
CHRTN,12,2026-05-02,9:33 AM,PACE,N/W $1901 L4 STARTS AE N/W $2251 L4 +ALLOWANCES & N/W 9 RACES LIFE DRAW OUTSIDE,4350.0,82.0,NW Condition,60,8.200000000000001,0.75,69,Mid,chr20260502hmpXML.xml
CND,1,2026-05-02,12:45 PM,PACE,MAIDENS,6000.0,48.0,Maiden,45,4.800000000000001,0.5,50,Low,cnd20260502hmpXML.xml
CND,2,2026-05-02,1:07 AM,PACE,CLAIMING 5000 (PLUS ALLW),5000.0,62.0,Claimer,55,6.2,0.3,62,Mid,cnd20260502hmpXML.xml
CND,3,2026-05-02,1:29 AM,PACE,"FILLIES & MARES CLAIMING 8,000 (PLUS ALLW) NW 3 RACES OR NW 30,000 LIFETIME (AB F/S 37,500/EXTRA WIN) NW L5 ALLOWED 5000",5500.0,57.0,Claimer,55,5.7,0.4,61,Mid,cnd20260502hmpXML.xml
CND,4,2026-05-02,1:51 AM,PACE,CLAIMING 7000 (PLUS ALLW),6300.0,65.0,Claimer,55,6.5,0.6,62,Mid,cnd20260502hmpXML.xml
CND,5,2026-05-02,2:13 AM,PACE,"CLAIMING 10,000 (PLUS ALLW) AE: NW 1201 LAST 3 STARTS",7800.0,67.0,Claimer,55,6.7,0.8,62,Mid,cnd20260502hmpXML.xml
CND,6,2026-05-02,2:35 AM,PACE,FILLIES & MARES CLAIMING 5000 (PLUS ALLW),5000.0,58.0,Claimer,55,5.800000000000001,0.3,61,Mid,cnd20260502hmpXML.xml
CND,7,2026-05-02,2:57 AM,PACE,"HDCP NW 2 RACES OR 12,000 LIFETIME (AB F/S 15,000/EXTRA WIN) -  NW 3 RACES OR 20,000 LIFETIME (AB F/S 25,000/EXTRA WIN)",7000.0,61.0,NW Condition,60,6.1000000000000005,0.7,67,Mid,cnd20260502hmpXML.xml
CND,8,2026-05-02,3:19 AM,PACE,"FILLIES & MARES CLAIMING 8,000 (PLUS ALLW ) NW 2 RACES OR NW 15,000 LIFETIME (AB F/S 18,750/EXTRA WIN) NW L5 ALLOWED 5000",5000.0,52.0,Claimer,55,5.2,0.3,60,Mid,cnd20260502hmpXML.xml
CND,9,2026-05-02,3:41 AM,PACE,"HDCP NW 4 RACES OR 28,000 LIFETIME (AB F/S 35.000/EXTRA WIN) - NW 6 RACES OR 46,000 LIFETIME (AB F/S 58.000/EXTRA WIN)",8500.0,65.0,NW Condition,60,6.5,0.9,67,Mid,cnd20260502hmpXML.xml
CND,10,2026-05-02,4:03 AM,PACE,"CLAIMING 20,000 (PLUS ALLW) AE NW 8 RACES OR 64,000 LIFETIME (AB F/S 80,000/EXTRA WIN) AE NW 6001 IN LAST 3 STARTS)",12000.0,71.0,Claimer,55,7.1000000000000005,1.0,63,Mid,cnd20260502hmpXML.xml
CUMB,1,2026-05-02,2:45 AM,PACE,"Claiming $5,000",4400.0,76.0,Claimer,55,7.6000000000000005,0.3333333333333333,63,Mid,cub20260502hmpXML.xml
CUMB,2,2026-05-02,3:07 AM,PACE,"Track Master Rating of 72 or less Opt Claim $6,000 Drawn Outside",5000.0,77.0,Claimer,55,7.7,0.6666666666666666,63,Mid,cub20260502hmpXML.xml
CUMB,3,2026-05-02,3:29 AM,PACE,Fillies and Mares Track Master Rating of 72 or Less,5000.0,71.0,"Low (Unknown, purse<7k)",10,7.1000000000000005,0.6666666666666666,18,Low,cub20260502hmpXML.xml
CUMB,4,2026-05-02,3:51 AM,PACE,"Fillies and Mares NW $1,400 (ME Bred $1,600) in last 4 starts Opt Claim $4,000 5- Scarlet Moon - Eligible at time of entry.",4400.0,71.0,Claimer,55,7.1000000000000005,0.3333333333333333,62,Mid,cub20260502hmpXML.xml
CUMB,5,2026-05-02,4:13 AM,PACE,"NW $2,500 (ME Bred $3,125) in Last 4 Starts (NW L3 allowed $510) Opt Claim $7,500 AE: NW 6 Ext. PM Races Lifetime 4- Premier Joy A - Eligible at time of entry.",5400.0,79.0,Claimer,55,7.9,0.8333333333333334,64,Mid,cub20260502hmpXML.xml
CUMB,6,2026-05-02,4:35 AM,PACE,"NW $3,500 (ME Bred $4,375) in last 4 starts (NW L3 allowed $750) Opt Claim $10,000 AE: Opt Claim $12,500 or NW $5,000 L4 Drawn Outside 1- Bare Bone - Eligible at time of entry.",6000.0,82.0,Claimer,55,8.200000000000001,0.9166666666666666,64,Mid,cub20260502hmpXML.xml
CUMB,7,2026-05-02,4:57 AM,PACE,"Fillies and Mares NW $2,500 in last 4 starts AE: Opt Claim Drawn Outside Post Positions According to Base Claiming Price",5400.0,77.0,Claimer,55,7.7,0.8333333333333334,64,Mid,cub20260502hmpXML.xml
CUMB,8,2026-05-02,5:19 AM,PACE,"CUMBERLAND DERBY NW $2,000 (ME Bred $2500) in Last 4 Starts (NW L3 allowed $250) AE: NW $2,550 L4 Drawn Outside ***Race will be at a distance of 1 1/4 Miles***",7000.0,76.0,Stakes,80,7.6000000000000005,1.0,89,High,cub20260502hmpXML.xml
CUMB,9,2026-05-02,5:41 AM,PACE,Fillies and Mares Track Master Rating of 69 or Less,4600.0,68.0,"Low (Unknown, purse<7k)",10,6.800000000000001,0.5,17,Low,cub20260502hmpXML.xml
CUMB,10,2026-05-02,6:03 AM,PACE,"NW $1,750 (ME Bred $2,200) in Last 4 Starts AE: NW $2,000 L4 Drawn Outside",4600.0,79.0,NW Condition,60,7.9,0.5,68,Mid,cub20260502hmpXML.xml
CUMB,11,2026-05-02,6:25 AM,PACE,Track Master Rating of 66 or Less (NW 2 L6 allowed 1.4 points) Post Positions Assigned by TMR. Line(s) not available at time of publication:,4400.0,64.0,NW Condition,60,6.4,0.3333333333333333,67,Mid,cub20260502hmpXML.xml
CUMB,12,2026-05-02,6:47 AM,PACE,Fillies and Mares Track Master Rating of 67 or Less AE: NW $810 L4,4400.0,69.0,NW Condition,60,6.9,0.3333333333333333,67,Mid,cub20260502hmpXML.xml
HOP,1,2026-05-02,5:30 AM,PACE,TrackMaster Rating of 66 or less (4 year olds and up),5000.0,67.0,"Low (Unknown, purse<7k)",10,6.7,0.07142857142857142,17,Low,hop20260502hmpXML.xml
HOP,2,2026-05-02,5:53 AM,TROT,"Winners of 4 But not More than 9 Ext PM or $35,000 (IS $38,500) Lifetime to be claimed for $30,000 (W/A)",13000.0,80.0,Claimer,55,8.0,0.7857142857142857,64,Mid,hop20260502hmpXML.xml
HOP,3,2026-05-02,6:16 AM,TROT,"N/W of $1,000 (IS $1,200) (Mares 20%) in the L4 starts AE: Claiming $7,000 (W/A) K. Lambright - 5 over 8",6000.0,79.0,Claimer,55,7.9,0.21428571428571427,63,Mid,hop20260502hmpXML.xml
HOP,4,2026-05-02,6:39 AM,TROT,"N/W of $5,000 (IS $5,500) (Mares 20%) in the L4 starts AE: N/W 5 (IS 6) Ext PM LT (Mares Allowed 1 Win) Optional Claiming $15,000 (W/A) NO COUPLED ENTRIES (IHRC RULES)",8000.0,86.0,Claimer,55,8.6,0.5714285714285714,64,Mid,hop20260502hmpXML.xml
HOP,5,2026-05-02,7:02 AM,TROT,"NW 1 (IS 2) PM or $10,000 (IS $11,000) to be claimed for $10,000 B. Ferguson - 8 over 3",7000.0,63.0,Claimer,55,6.300000000000001,0.5,62,Mid,hop20260502hmpXML.xml
HOP,6,2026-05-02,7:25 AM,TROT,OPEN 1 Posts 1-3 Drawn Posts 4-7 Assigned NO COUPLED ENTRIES (IHRC RULES),22000.0,97.0,Open/Preferred,85,9.700000000000001,1.0,96,Top,hop20260502hmpXML.xml
HOP,7,2026-05-02,7:48 AM,TROT,"N/W of $3,000 (IS $3,300) (Mares 20%) in the L4 starts AE: N/W 3 (FM 4) Ext PM LT NO. 10 STARTS FROM 2ND TIER K. Wilfong - 5 over 8",7000.0,86.0,NW Condition,60,8.6,0.5,69,Mid,hop20260502hmpXML.xml
HOP,8,2026-05-02,8:11 AM,PACE,FM OPEN 1-2 All Posts Assigned NO COUPLED ENTRIES (IHRC RULES),22000.0,90.0,Open/Preferred,85,9.0,1.0,95,Top,hop20260502hmpXML.xml
HOP,9,2026-05-02,8:34 AM,PACE,"TrackMaster Rating of 75 or less AE: Horse/Geldings Claiming $8,000 (W/A) Dreamfair Arnie B - 1st Time Lasix NO COUPLED ENTRIES (IHRC RULES) B. Bates - 1 over 8 A. Bender - 6 over 7",6800.0,76.0,Claimer,55,7.6000000000000005,0.2857142857142857,63,Mid,hop20260502hmpXML.xml
HOP,10,2026-05-02,8:57 AM,TROT,OPEN 3 All posts drawn NO COUPLED ENTRIES (IHRC RULES) L. Plano - 8 over 9 J. Ross - 1 over 4,16000.0,91.0,Open/Preferred,85,9.1,0.8571428571428571,95,Top,hop20260502hmpXML.xml
HOP,11,2026-05-02,9:20 AM,PACE,"FM: NW $7500 (IS $8400) L4 Sts AE: NW 7 (IS 8) PM Races Lifetime NW $5000 (IS $5500) L4 may enter for Inside Posts $7,500 GUARANTEED POOL A. Bender - 5 over 9 T. Tetrick - 4 over 2",10000.0,84.0,NW Condition,60,8.4,0.7142857142857143,69,Mid,hop20260502hmpXML.xml
HOP,12,2026-05-02,9:43 AM,PACE,"Horses/Geldings N/W 1 (IS 2) Ext PM or $10,000 (IS $11,000) LT J. Ross - 5 over 1 T. Tetrick - 9 over 6",10000.0,73.0,NW Condition,60,7.300000000000001,0.7142857142857143,68,Mid,hop20260502hmpXML.xml
HOP,13,2026-05-02,10:06 AM,PACE,TrackMaster Rating of 70 or less Fact Check - 1st Time Lasix NO COUPLED ENTRIES (IHRC RULES) M. Miller - 1 over 3,5200.0,68.0,"Low (Unknown, purse<7k)",10,6.800000000000001,0.14285714285714285,17,Low,hop20260502hmpXML.xml
HOP,14,2026-05-02,10:29 AM,PACE,"Fillies/Mares N/W 1 (IS 2) Ext PM or $10,000 (IS $11,000) Lifetime, to be claimed for $10,000 NO. 10 STARTS FROM 2ND TIER $7,500 GUARANTEED POOL J. Ross - 4 over 10",7000.0,59.0,Claimer,55,5.9,0.5,61,Mid,hop20260502hmpXML.xml
LON,1,2026-05-02,12:50 PM,PACE,FILLIES & MARES - CLAIMING $8000. (W-ALL) - FOR N/W $40000. LIFETIME (W-ALL) OR $3500. LAST 5,5500.0,61.0,Claimer,55,6.1000000000000005,0.2727272727272727,61,Mid,lon20260502hmpXML.xml
LON,2,2026-05-02,1:10 AM,PACE,FILLIES & MARES - N/W $12500. OR 2 RACES LIFETIME (W-ALL)  AE. CLAIMING $20000. - FOR N/W $18000. LIFETIME (W-ALL) (N/W OF A RACE LAST 5 ALLOWED $2500.),8200.0,52.0,Claimer,55,5.2,0.6363636363636364,61,Mid,lon20260502hmpXML.xml
LON,3,2026-05-02,1:30 AM,PACE,CLAIMING $20000. - FOR N/W $5000. (FM $6250.) OR A RACE LIFETIME (W-ALL) (N/W OF A RACE LAST 5 ALLOWED $3000. (FM $3750.),5500.0,50.0,Claimer,55,5.0,0.2727272727272727,60,Mid,lon20260502hmpXML.xml
LON,4,2026-05-02,1:50 AM,PACE,FILLIES & MARES - N/W $3000. LIFETIME (W-ALL)  (N/W OF A RACE ALLOWED $4000.),7500.0,59.0,NW Condition,60,5.9,0.45454545454545453,66,Mid,lon20260502hmpXML.xml
LON,5,2026-05-02,2:10 AM,PACE,HORSES & GELDINGS - CLAIMING $8000. (W-ALL) - FOR N/W $40000. LIFETIME (W-ALL) OR $3500. LAST 5,5500.0,63.0,Claimer,55,6.300000000000001,0.2727272727272727,62,Mid,lon20260502hmpXML.xml
LON,6,2026-05-02,2:30 AM,PACE,FILLIES & MARES - N/W $3000. LIFETIME (W-ALL)  (N/W OF A RACE ALLOWED $4000.),7500.0,52.0,NW Condition,60,5.2,0.45454545454545453,66,Mid,lon20260502hmpXML.xml
LON,7,2026-05-02,2:50 AM,PACE,HORSES & GELDINGS - N/W $25000. LIFETIME (W-ALL)  AE. CLAIMING $20000. - FOR N/W $35500. LIFE (W-ALL),8800.0,67.0,Claimer,55,6.7,1.0,63,Mid,lon20260502hmpXML.xml
LON,8,2026-05-02,3:10 AM,PACE,HORSES & GELDINGS - CLAIMING $20000. - FOR N/W $60000. LIFETIME (W-ALL) OR A RACE IN 2026 AE. N/W $70000. LIFETIME (DRAW OUTSIDE),8800.0,71.0,Claimer,55,7.1000000000000005,1.0,63,Mid,lon20260502hmpXML.xml
LON,9,2026-05-02,3:30 AM,TROT,N/W $3000. (FM $3775.) LAST 3  (STARTERS OF A PURSE OVER $10500. LAST START N/E)  AE. CLAIMING $15000. (W-ALL),8600.0,75.0,Claimer,55,7.5,0.7272727272727273,63,Mid,lon20260502hmpXML.xml
LON,10,2026-05-02,3:50 AM,TROT,N/W $2000. (FM $2500.) LAST 3  (N/W OF A RACE IN 2026 ALLOWED $500.) (STARTERS OF A PURSE OVER $9500. LAST START N/E)  AE. CLAIMING $12000. (W-ALL),7600.0,70.0,Starter Allowance,70,7.0,0.5454545454545454,78,High,lon20260502hmpXML.xml
LON,11,2026-05-02,4:10 AM,PACE,FILLIES & MARES - N/W $25000. LIFETIME (W-ALL)  AE. CLAIMING $20000. - FOR N/W $35000. LIFETIME (W-ALL) (N/W OF A RACE LAST 5 ALLOWED $5000.),8800.0,61.0,Claimer,55,6.1000000000000005,1.0,62,Mid,lon20260502hmpXML.xml
MEA,1,2026-05-02,10:30 AM,PACE,"CD CLAIM 3-7YO WINNERS OF 1 BUT NOT MORE THAN 4 EXT PM RACES LIFE CLAIM PRICE: $15,000 W/A MORNING LINE: 3-4-6-2 R.WRENN JR - #1 OR 2 NO`S 1 & 2 - UNCOUPLED BY PERMISSION OF PHRC",7000.0,72.0,Claimer,55,7.2,0.13333333333333333,62,Mid,mea20260502hmpXML.xml
MEA,2,2026-05-02,10:50 AM,PACE,"CLAIM $7,500 W/A MORNING LINE: 4-2-3-5 D.PALONE - #1 OR 4",7200.0,78.0,Claimer,55,7.800000000000001,0.2,63,Mid,mea20260502hmpXML.xml
MEA,3,2026-05-02,11:15 AM,PACE,"CD CLAIM $6,000 W/A NW OF A RACE IN L3 STS MORNING LINE: 4-6-3-2 NO. 4 JR STRIKE THREE - ELIGIBLE AT TIME OF ENTRY NO`S 2 & 7 - UNCOUPLED BY PERMISSION OF PHRC",5000.0,75.0,Claimer,55,7.5,0.06666666666666667,63,Mid,mea20260502hmpXML.xml
MEA,4,2026-05-02,11:40 AM,PACE,"CLAIM HANDICAP $12,000-$15,000 W/A *JAMES ARNOLD MEMORIAL* MORNING LINE: 6-4-3-7 M.WILDER - #1 OR 6 R.WRENN JR - #4 OR 8 NO`S 3 & 7 - UNCOUPLED BY PERMISSION OF PHRC",10800.0,82.0,Claimer,55,8.200000000000001,0.4666666666666667,64,Mid,mea20260502hmpXML.xml
MEA,5,2026-05-02,12:10 PM,PACE,**PA STALLION SERIES** 3YO COLT & GELDING PACE 1ST OF 4 DIVISIONS MORNING LINE: 4-5-6-7 Y.GINGRAS - #4 OR 7 NO`S 4 & 6 - UNCOUPLED BY PERMISSION OF PHRC,20000.0,82.0,"High (Unknown, purse≥13k)",85,8.200000000000001,0.8666666666666667,94,Top,mea20260502hmpXML.xml
MEA,6,2026-05-02,12:35 PM,PACE,***BYE BYE BYRD*** PENNSYLVANIA SIRE STAKE 3YO C& G PACE 1ST OF 2 DIVISIONS MORNING LINE: 4-1-3-5 NO`S 1 & 4 - UNCOUPLED BY PERMISSION OF PHRC,54601.0,87.0,Stakes,80,8.700000000000001,1.0,90,Top,mea20260502hmpXML.xml
MEA,7,2026-05-02,12:55 PM,PACE,CD ALL AGES NW $4901 L4 STS MORNING LINE: 2-7-4-9 D.PALONE - #1 OR 9 M.WILDER - #5 OR 6,8400.0,87.0,NW Condition,60,8.700000000000001,0.3333333333333333,69,Mid,mea20260502hmpXML.xml
MEA,8,2026-05-02,1:25 AM,PACE,***BYE BYE BYRD*** PENNSYLVANIA SIRE STAKE 3YO C& G PACE 2ND OF 2 DIVISIONS MORNING LINE: 3-5-2-7 NO. 6 - FIRST TIME LASIX R.WRENN JR - #2 OR 5 NO`S 3 & 5 - UNCOUPLED BY PERMISSION OF PHRC,54601.0,86.0,Stakes,80,8.6,1.0,90,Top,mea20260502hmpXML.xml
MEA,9,2026-05-02,2:00 AM,PACE,**PA STALLION SERIES** 3YO COLT & GELDING PACE 2ND OF 4 DIVISIONS MORNING LINE: 4-7-1-2 T.TETRICK - #1 OR 7,20000.0,79.0,"High (Unknown, purse≥13k)",85,7.9,0.8666666666666667,94,Top,mea20260502hmpXML.xml
MEA,10,2026-05-02,2:25 AM,PACE,**PA STALLION SERIES** 3YO COLT & GELDING PACE 3RD OF 4 DIVISIONS MORNING LINE: 6-5-3-2 NO. 5 - FIRST TIME LASIX M.KAKALEY - #1 OR 5,20000.0,80.0,"High (Unknown, purse≥13k)",85,8.0,0.8666666666666667,94,Top,mea20260502hmpXML.xml
MEA,11,2026-05-02,2:50 AM,PACE,**PA STALLION SERIES** 3YO COLT & GELDING PACE 4TH OF 4 DIVISIONS MORNING LINE: 7-5-3-4 T.TETRICK - #5 OR 7,20000.0,78.0,"High (Unknown, purse≥13k)",85,7.800000000000001,0.8666666666666667,94,Top,mea20260502hmpXML.xml
MEA,12,2026-05-02,3:30 AM,PACE,CD ALL AGES NW $9500 L4 STS AE: NW 8 EXT PM RACES LIFE AE: HORSES WITH A TM RATING OF 88 OR LESS AS OF 4/29/2026 MORNING LINE: 6-8-2-3 D.PALONE - #2 OR 8,12000.0,91.0,NW Condition,60,9.1,0.6,70,Mid,mea20260502hmpXML.xml
MEA,13,2026-05-02,4:00 AM,TROT,"CD 3YO& UP WINNERS OF 3 BUT NOT MORE THAN 6 EXT PM`S OR $50,000 LIFE (1 CLAIM WIN EXCLUDED) MORNING LINE: 4-3-5-6 D.PALONE - #1 OR 4",12000.0,84.0,Claimer,55,8.4,0.6,64,Mid,mea20260502hmpXML.xml
MEA,14,2026-05-02,4:40 AM,PACE,"CD 3-7YO NW 2 EXT PM`S OR $17,500 LIFE (1 CLAIM WIN EXCLUDED) MORNING LINE: 2-6-5-4 NO. 2 - FIRST TIME LASIX",10000.0,68.0,Claimer,55,6.800000000000001,0.4,62,Mid,mea20260502hmpXML.xml
MEA,15,2026-05-02,5:05 AM,TROT,"CD ALL AGES NW $3500 L4 STS MORNING LINE: 8-4-1-9-5 D.PALONE - #1,6 OR 8",8000.0,84.0,NW Condition,60,8.4,0.26666666666666666,69,Mid,mea20260502hmpXML.xml
MVR,1,2026-05-02,1:00 AM,PACE,"N/W 1 (FM 2) PM RACE OR $10,000 LIFETIME NO. 10 STARTS FROM 2ND TIER Br. MILLER LISTED 1/6/7",13000.0,78.0,NW Condition,60,7.800000000000001,0.07142857142857142,68,Mid,mvr20260502hmpXML.xml
MVR,2,2026-05-02,1:21 AM,PACE,"N/W 6 (FM 8) (OH 7, FM OH 9) PM RACES OR $60,000 LIFETIME C. PAGE LISTED 1/10 L. HANNERS 2/8",21000.0,92.0,NW Condition,60,9.200000000000001,0.21428571428571427,69,Mid,mvr20260502hmpXML.xml
MVR,3,2026-05-02,1:42 AM,PACE,"HORSES & GELDINGS N/W $4501 LAST 4 STARTS AE: N/W 4 (OH 5) PM RACES OR $35,000 LIFETIME NO. 10 STARTS FROM 2ND TIER HEAVE HO & FEAR THE IMAGE ELIGIBLE - DOUBLE JUMP RULE C. PAGE LISTED 1/2 Dv. MILLER 6/8",15500.0,88.0,NW Condition,60,8.8,0.14285714285714285,69,Mid,mvr20260502hmpXML.xml
MVR,4,2026-05-02,2:03 AM,PACE,HORSES & GELDINGS OPEN II NO. 10 STARTS FROM 2ND TIER NIGHT SHADOW & WICKED CHARACTER OWNER ENTRY - UNCOUPLED WITH OSRC PERMISSION C. PAGE LISTED 1/10 Dv. MILLER 6/7/9 BRIGHT BET & WIN LOUS OR DRAW OWNER ENTRY - UNCOUPLED WITH OSRC PERMISSION,32000.0,95.0,Open/Preferred,85,9.5,0.2857142857142857,95,Top,mvr20260502hmpXML.xml
MVR,5,2026-05-02,2:24 AM,PACE,HORSES & GELDINGS OPEN NO. 10 STARTS FROM 2ND TIER FEAR THE HATE & RICK WINK OWNER ENTRY - UNCOUPLED WITH OSRC PERMISSION Tr. TETRICK LISTED 2/7 Br. MILLER 3/5 C. PAGE 9/10,36000.0,97.0,Open/Preferred,85,9.700000000000001,0.35714285714285715,95,Top,mvr20260502hmpXML.xml
MVR,6,2026-05-02,2:45 AM,TROT,~OHIO SIRES STAKES~ 3 YEAR OLD FILLIES 1ST DIVISION MADAM PRESIDENT & SARAH`S MISSION OWNER ENTRY - UNCOUPLED WITH OSRC PERMISSION C. PAGE LISTED 2/4/8,75000.0,82.0,Stakes,80,8.200000000000001,0.9285714285714286,89,High,mvr20260502hmpXML.xml
MVR,7,2026-05-02,3:06 AM,PACE,~OHIO SIRES STAKES~ 3 YEAR OLD FILLIES 1ST DIVISION NO. 10 STARTS FROM 2ND TIER SEASIDE SHUFFLE & SHACARRI OWNER ENTRY - UNCOUPLED WITH OSRC PERMISSION C. PAGE LISTED 3/6 Br. MILLER 5/10 L. HANNERS 8/9 SHACARRI 1ST TIME LASIX,75000.0,82.0,Stakes,80,8.200000000000001,0.9285714285714286,89,High,mvr20260502hmpXML.xml
MVR,8,2026-05-02,3:27 AM,TROT,~OHIO SIRES STAKES~ 3 YEAR OLD FILLIES 2ND DIVISION C. PAGE LISTED 6/7/9,75000.0,82.0,Stakes,80,8.200000000000001,0.9285714285714286,89,High,mvr20260502hmpXML.xml
MVR,9,2026-05-02,3:48 AM,TROT,~OHIO SIRES STAKES~ 3 YEAR OLD COLTS & GELDINGS 1ST DIVISION Dv. MILLER LISTED 1/2,75000.0,83.0,Stakes,80,8.3,0.9285714285714286,89,High,mvr20260502hmpXML.xml
MVR,10,2026-05-02,4:09 AM,PACE,~OHIO SIRES STAKES~ 3 YEAR OLD FILLIES 2ND DIVISION NO. 10 STARTS FROM 2ND TIER SEASIDE CHARM & LAUDE DA TRAINER ENTRY - UNCOUPLED FOR WAGERING L. HANNERS LISTED 2/10 C. PAGE 4/5 Dv. MILLER 8/9,75000.0,85.0,Stakes,80,8.5,0.9285714285714286,89,High,mvr20260502hmpXML.xml
MVR,11,2026-05-02,4:30 AM,TROT,~OHIO SIRES STAKES~ 3 YEAR OLD COLTS & GELDINGS 2ND DIVISION SPECIAL MONI & MAX THE MIGHTY OWNER ENTRY - UNCOUPLED WITH OSRC PERMISSION C. PAGE LISTED 4/6/7 COME N GET ME 1ST TIME LASIX,75000.0,83.0,Stakes,80,8.3,0.9285714285714286,89,High,mvr20260502hmpXML.xml
MVR,12,2026-05-02,4:51 AM,PACE,~OHIO SIRES STAKES~ 3 YEAR OLD COLTS & GELDINGS 1ST DIVISION WHEN IS PARADE & BACKNINEBAR OWNER ENTRY - UNCOUPLED WITH OSRC PERMISSION C. PAGE LISTED 6/9,75000.0,88.0,Stakes,80,8.8,0.9285714285714286,90,Top,mvr20260502hmpXML.xml
MVR,13,2026-05-02,5:12 AM,PACE,~OHIO SIRES STAKES~ 3 YEAR OLD COLTS & GELDINGS 2ND DIVISION NO. 10 STARTS FROM 2ND TIER I`LLBETYOURBOOTS - SKULL N CROSSBONES & LINDY DRAGONWATER OWNER ENTRY - UNCOUPLED WITH OSRC PERMISSION C. PAGE LISTED 5/6/8 I`LLBETYOURBOOTS 1ST TIME,75000.0,89.0,Stakes,80,8.9,0.9285714285714286,90,Top,mvr20260502hmpXML.xml
MVR,14,2026-05-02,5:33 AM,PACE,~THE WIZARD~ PACEY MINDLIN MEMORIAL INVITATIONAL PACE NO. 10 STARTS FROM 2ND TIER Dv. MILLER LISTED 2/4 Br. MILLER 6/10,100000.0,98.0,Open/Preferred,85,9.8,1.0,96,Top,mvr20260502hmpXML.xml
M,1,2026-05-02,6:35 AM,PACE,Horses & Geldings - TrackMaster Rating 71 (N/W L2 73) or Less ATOD Winner This Class or Higher Last Start or TM Rating Less Than 68 N/E Unless Winner TM 68 Last Start,8500.0,73.0,NW Condition,60,7.300000000000001,0.07142857142857142,67,Mid,mxx20260502hmpXML.xml
M,2,2026-05-02,7:00 AM,PACE,NEW JERSEY SIRE STAKES - 1st Leg Silver Division - 3 Year Old Fillies (Declaration Fee - $150),10000.0,70.0,Stakes,80,7.0,0.35714285714285715,87,High,mxx20260502hmpXML.xml
M,3,2026-05-02,7:25 AM,PACE,NEW JERSEY SIRE STAKES - 1st Leg Silver Division - 3 Year Old Colts & Geldings (Declaration Fee - $150),10000.0,69.0,Stakes,80,6.9,0.35714285714285715,87,High,mxx20260502hmpXML.xml
M,4,2026-05-02,7:50 AM,PACE,"N/W $7,500 (N/W L2 or NJSO $8,250) in Last 5 Starts AE: Starters N/W $6,400 or TM 83.5 or Less 1 of Last  2 Starts (Winner This Class or Higher in Last Start Ineligible - Class Cap N/W $12,551) No coupled entries per NJRC",12500.0,90.0,NW Condition,60,9.0,0.5714285714285714,70,Mid,mxx20260502hmpXML.xml
M,5,2026-05-02,8:15 AM,PACE,NEW JERSEY SIRE STAKES - 1st Leg Platinum Division - 3 Year Old Fillies (Declaration Fee - $500),25000.0,81.0,Stakes,80,8.1,0.7857142857142857,89,High,mxx20260502hmpXML.xml
M,6,2026-05-02,8:40 AM,PACE,Horses & Geldings - TrackMaster Rating 80.5 (N/W L2 82.75) or Less ATOD Winner This Class or Higher Last Start Ineligible NJSO HORSES ELIGIBLE FOR 25% BONUS,10500.0,82.0,NW Condition,60,8.200000000000001,0.42857142857142855,69,Mid,mxx20260502hmpXML.xml
M,7,2026-05-02,9:05 AM,PACE,NEW JERSEY SIRE STAKES - 1st Leg Platinum Division - 3 Year Old Colts & Geldings (Declaration Fee - $500) NO. 11 STARTS FROM 2ND TIER No coupled entries per NJRC Rocknacious - First Lasix,25000.0,85.0,Stakes,80,8.5,0.7857142857142857,89,High,mxx20260502hmpXML.xml
M,8,2026-05-02,9:30 AM,TROT,JL CRUZE Open Handicap No coupled entries per NJRC Post Positions 1-3 - Drawn Post Positions 4-6 - Assigned,40000.0,101.0,Open/Preferred,85,10.100000000000001,0.8571428571428571,96,Top,mxx20260502hmpXML.xml
M,9,2026-05-02,9:55 AM,PACE,"N/W $15,000 (NJSO or N/W L2 $16,500) in Last 5 Starts AE: TM Rating 89 (N/W L2 91) or Less ATOD or Starters This Class Last Start AE: N/W 10 (N/W L2 11) Ext. PM Races or $100,000 Life (TM 91.29 or Less Drawn Inside) No coupled entries per NJRC Post",22500.0,92.0,NW Condition,60,9.200000000000001,0.6428571428571429,70,Mid,mxx20260502hmpXML.xml
M,10,2026-05-02,10:20 AM,TROT,"DEXTER CUP 3 Year Old Open - Grade 3 (Declaration Fee - $3,000) No coupled entries per NJRC Who`s Eyes Blues - First Lasix",157125.0,92.0,Open/Preferred,85,9.200000000000001,1.0,95,Top,mxx20260502hmpXML.xml
M,11,2026-05-02,10:45 AM,TROT,"LADY SUFFOLK 3 Year Old Fillies (Declaration Fee - $1,000) No coupled entries per NJRC",67650.0,81.0,"High (Unknown, purse≥13k)",85,8.1,0.9285714285714286,94,Top,mxx20260502hmpXML.xml
M,12,2026-05-02,11:10 AM,PACE,"Horses & Geldings - TrackMaster Rating 83.5 (N/W L2 85.6) or Less ATOD Winner This Class or Higher Last Start Ineligible AE: Not 1, 2 This Class Last Start NJSO HORSES ELIGIBLE FOR 25% BONUS",12500.0,84.0,NW Condition,60,8.4,0.5714285714285714,69,Mid,mxx20260502hmpXML.xml
M,13,2026-05-02,11:35 AM,PACE,Horses & Geldings - TrackMaster Rating 77.5 (N/W L2 79.5) or Less ATOD AE: Winner B/C TMR 74.5 L/S (Winner This Class or Higher in Last Start Ineligible - Amateur Races Excluded) No coupled entries per NJRC NJSO HORSES ELIGIBLE FOR 25% BONUS,9500.0,80.0,NW Condition,60,8.0,0.21428571428571427,68,Mid,mxx20260502hmpXML.xml
M,14,2026-05-02,12:00 PM,PACE,"Horses & Geldings - TrackMaster Rating 74.5 (N/W L2 76.5) or Less ATOD Winner This Class or Higher Last Start Ineligible AE: Not 1, 2, 3 This Class Last Start No coupled entries per NJRC NJSO HORSES ELIGIBLE FOR 25% BONUS",9000.0,75.0,NW Condition,60,7.5,0.14285714285714285,68,Mid,mxx20260502hmpXML.xml
NFLD,1,2026-05-02,6:00 AM,PACE,"FILLIES & MARES NON WINNERS 1 PARI-MUTUEL RACE OR $10,000 LIFETIME. NO. 9 STARTS FROM 2ND TIER NORTHFIELD TRACKMAN SELECTIONS: 2-3-5-6-7 TRAINER CHANGE HN 8 K. HARMON TO A. PELSHAW",8600.0,62.0,"Mid (Unknown, purse 7k–12.9k)",60,6.2,0.5333333333333333,67,Mid,nfl20260502hmpXML.xml
NFLD,2,2026-05-02,6:22 AM,PACE,"FILLIES & MARES NON WINNERS $5000 IN LAST 4 STARTS. AE: CLAIMING $15,000 (WITH ALLOWANCES). NO. 9 STARTS FROM 2ND TIER NORTHFIELD TRAINER CHANGE HN 2 G. MCNAIR TO C. DEYERMAND",10600.0,81.0,Claimer,55,8.1,0.6666666666666666,64,Mid,nfl20260502hmpXML.xml
NFLD,3,2026-05-02,6:44 AM,PACE,"FILLIES & MARES NON WINNERS 2 PARI-MUTUEL RACES OR $20,000 LIFETIME. AE: N/W 4 PM RACES OR $30,000 LIFETIME CLAIMING PRICE $22,500 (WITH ALLOWANCES). NO. 9 STARTS FROM 2ND TIER NORTHFIELD",10200.0,73.0,Claimer,55,7.300000000000001,0.6,63,Mid,nfl20260502hmpXML.xml
NFLD,4,2026-05-02,7:06 AM,PACE,"FILLIES & MARES NON WINNERS 1 PARI-MUTUEL RACE OR $10,000 LIFETIME CLAIMING PRICE $10,000 (WITH ALLOWANCES). NO. 9 STARTS FROM 2ND TIER NORTHFIELD HN 7 - FAITHFUL NATION - OFF LASIX TRAINER CHANGES HN 7 C. MAKIN TO M. SHEDRON HN 8 J. EATON TO M.",5500.0,57.0,Claimer,55,5.7,0.2,61,Mid,nfl20260502hmpXML.xml
NFLD,5,2026-05-02,7:28 AM,PACE,"FILLIES & MARES NON WINNERS 4 PARI-MUTUEL RACES OR $30,000 LIFETIME. AE: N/W 7 PM RACES OR $40,000 LIFETIME CLAIMING PRICE $30,000 (WITH ALLOWANCES). NO. 9 STARTS FROM 2ND TIER NORTHFIELD",11500.0,79.0,Claimer,55,7.9,0.8,64,Mid,nfl20260502hmpXML.xml
NFLD,6,2026-05-02,7:50 AM,PACE,"FILLIES & MARES NON WINNERS $3500 IN LAST 4 STARTS. AE: N/W $1000 PER START IN 2026. AE: CLAIMING $10,000 (WITH ALLOWANCES). NO. 9 STARTS FROM 2ND TIER NORTHFIELD",8400.0,79.0,Claimer,55,7.9,0.4,63,Mid,nfl20260502hmpXML.xml
NFLD,7,2026-05-02,8:12 AM,PACE,"FILLIES & MARES NON WINNERS 1 PARI-MUTUEL RACE OR $10,000 LIFETIME. AE: N/W 2 PM RACES OR $20,000 LIFETIME CLAIMING PRICE $15,000 (WITH ALLOWANCES). NO. 9 STARTS FROM 2ND TIER NORTHFIELD TRACKMAN SELECTIONS: 7-2-1-3-6 TRAINER CHANGE HN 5 J. CIOCCA",8600.0,64.0,Claimer,55,6.4,0.5333333333333333,62,Mid,nfl20260502hmpXML.xml
NFLD,8,2026-05-02,8:34 AM,PACE,FILLIES & MARES NON WINNERS $2500 IN LAST 4 STARTS. AE: N/W $750 PER START IN 2026. AE: CLAIMING $8000 (WITH ALLOWANCES). NO. 9 STARTS FROM 2ND TIER NORTHFIELD,6800.0,76.0,Claimer,55,7.6000000000000005,0.3333333333333333,63,Mid,nfl20260502hmpXML.xml
NFLD,9,2026-05-02,8:56 AM,PACE,FILLIES & MARES NON WINNERS $1500 IN LAST 4 STARTS THAT ARE N/W $7500 IN 2026. AE: N/W $750 PER START IN 2026. NO. 9 STARTS FROM 2ND TIER NORTHFIELD,5300.0,75.0,NW Condition,60,7.5,0.13333333333333333,68,Mid,nfl20260502hmpXML.xml
NFLD,10,2026-05-02,9:18 AM,PACE,"FILLIES & MARES NON WINNERS $6500 IN LAST 4 STARTS. AE: N/W $1500 PER START IN 2026. AE: N/W 10 PM RACES CLAIMING PRICE $40,000 W/A. AE: CLAIMING $22,500 W/A. NO. 9 STARTS FROM 2ND TIER NORTHFIELD TRACKMAN SELECTIONS: 5-2-4-9-1",12800.0,84.0,Claimer,55,8.4,0.8666666666666667,64,Mid,nfl20260502hmpXML.xml
NFLD,11,2026-05-02,9:40 AM,PACE,"FILLIES & MARES NON WINNERS 7 PARI-MUTUEL RACES OR $40,000 LIFETIME. CLAIMING PRICE $30,000 (WITH ALLOWANCES). NO. 9 STARTS FROM 2ND TIER NORTHFIELD TRAINER CHANGES HN 1 L. FOOS TO C. HOLLAR HN 7 J. CIOCCA JR TO R. ROESCH",11500.0,76.0,Claimer,55,7.6000000000000005,0.8,63,Mid,nfl20260502hmpXML.xml
NFLD,12,2026-05-02,10:02 AM,PACE,"HUNTER MYERS MEMORIAL SERIES FILLIES AND MARES NON WINNERS 1 PARI-MUTUEL RACE (OHIO-SIRED N/W 2) OR $15,000 LIFETIME (THROUGH 3/29/26). FINAL FINAL NO. 9 STARTS FROM 2ND TIER NORTHFIELD HN 4 & HN 9 UNCOUPLED BY OSRC PERMISSION",20000.0,71.0,NW Condition,60,7.1000000000000005,1.0,68,Mid,nfl20260502hmpXML.xml
NFLD,13,2026-05-02,10:24 AM,PACE,"$10,000 GUARANTEED POOL FILLIES & MARES OPEN HANDICAP NO. 9 STARTS FROM 2ND TIER NORTHFIELD TRACKMAN SELECTIONS: 7-8-9-2-6",20000.0,86.0,Open/Preferred,85,8.6,1.0,95,Top,nfl20260502hmpXML.xml
NFLD,14,2026-05-02,10:46 AM,PACE,FILLIES & MARES NON WINNERS $1500 IN LAST 4 STARTS THAT ARE N/W $7500 IN 2026. AE: N/W $500 PER START IN 2026. AE: CLAIMING $5000 (WITH ALLOWANCES) THAT ARE N/W $2500 IN LAST 4 STARTS. NO. 9 STARTS FROM 2ND TIER NORTHFIELD HN 5 - SWEET PINK -,5300.0,72.0,Claimer,55,7.2,0.13333333333333333,62,Mid,nfl20260502hmpXML.xml
NFLD,15,2026-05-02,11:08 AM,PACE,FILLIES & MARES NON WINNERS $2500 IN LAST 4 STARTS. AE: N/W $750 PER START IN 2026. AE: CLAIMING $8000 (WITH ALLOWANCES). NO. 9 STARTS FROM 2ND TIER NORTHFIELD,6800.0,75.0,Claimer,55,7.5,0.3333333333333333,63,Mid,nfl20260502hmpXML.xml
PCD,1,2026-05-02,1:00 AM,PACE,"Claiming Handicap $20,000-25,000 Post Positions by Price POCONO DOWNS G Napolitano 4 over 1",14000.0,84.0,Claimer,55,8.4,0.5454545454545454,64,Mid,pcd20260502hmpXML.xml
PCD,2,2026-05-02,1:18 AM,PACE,"Claiming Handicap $30,000-40,000 Post Positions by Price POCONO DOWNS G Napolitano 7 over 6 #6 & #8 Uncoupled per PHRC",15500.0,88.0,Claimer,55,8.8,0.6363636363636364,64,Mid,pcd20260502hmpXML.xml
PCD,3,2026-05-02,1:36 AM,TROT,"NW $6,500 (Mares $8,000) in Last 5 Starts Starters in a class higher than NW10500L4/5 or a winner this class or higher in Last Start ineligible AE: Starters in NW5500L4/5 in Last Start PA Preferred POCONO DOWNS AE: Starters in NW5500L4/5 or Less",11000.0,84.0,Open/Preferred,85,8.4,0.2727272727272727,94,Top,pcd20260502hmpXML.xml
PCD,4,2026-05-02,1:54 AM,PACE,"NW $6,800 in Last 5 Starts Starters in a class higher than NW10500L4/5 or a winner this class or higher in Last Start ineligible AE: Starters in NW5500L4/5 in Last Start AE: NW 7 Ext. PM RAces Lifetime PA Preferred POCONO DOWNS AE: Starters in",11000.0,85.0,Open/Preferred,85,8.5,0.2727272727272727,94,Top,pcd20260502hmpXML.xml
PCD,5,2026-05-02,2:12 AM,TROT,"Winners of 4 but not more than 7 Ext.  PM Races Lifetime AE: NW $90,000 Lifetime PA Preferred POCONO DOWNS G Napolitano 1 over 3 Mr Pasadena- Scratched",17500.0,84.0,Open/Preferred,85,8.4,0.9090909090909091,94,Top,pcd20260502hmpXML.xml
PCD,6,2026-05-02,2:30 AM,PACE,"NW $9,500 in Last 5 Starts or $1,600 Per Start Avg. in 2025-26 Starters in a class higher than NW15000L4/5 or a winner this class or higher in Last Start ineligible AE: Starters in NW8500L4/5 in Last Start PA Preferred POCONO DOWNS AE; Starters in",13500.0,84.0,Open/Preferred,85,8.4,0.45454545454545453,94,Top,pcd20260502hmpXML.xml
PCD,7,2026-05-02,2:48 AM,TROT,"NW $9,500 (Mares $11,000) in Last 5 Starts Starters in a class higher than NW15000L4/5 or a winner this class or higher in Last Start ineligible AE: Starters in NW8500L4/5 in Last Start PA Preferred POCONO DOWNS AE: Starters in NW8500L4/5 or less",13500.0,88.0,Open/Preferred,85,8.8,0.45454545454545453,94,Top,pcd20260502hmpXML.xml
PCD,8,2026-05-02,3:06 AM,PACE,"NW $12,500 in Last 5 Starts Starters in a class higher than NW20000L4/5 or a winner this class or higher in Last Start ineligible AE: Starters in NW11000L4/5 in Last Start PA Preferred POCONO DOWNS AE: Starters in NW11000L4/5 or less in Last",16000.0,90.0,Open/Preferred,85,9.0,0.8181818181818182,95,Top,pcd20260502hmpXML.xml
PCD,9,2026-05-02,3:24 AM,TROT,"NW $12,500 (Mares $14,000) in Last 5 Starts or $3,100 Per Start Avg. in 2025-26 Starters in a class higher than NW20000L4/5 or a winner this class or higher in Last Start ineligible AE: Starters in NW11000L4/5 in Last Start PA Preferred POCONO DOWNS",16000.0,89.0,Open/Preferred,85,8.9,0.8181818181818182,95,Top,pcd20260502hmpXML.xml
PCD,10,2026-05-02,3:42 AM,PACE,"NW $17,500 in Last 5 Starts or $3,200 Per Start Avg. in 2025-26 AE: Starters in NW15000L4/5 in Last Start AE: NW 10 Ext. PM Races Lifetime POCONO DOWNS AE: Starters in NW15000L4/5 or less in Last Start T Buter 1 over 5 R Warren 2 over 8",20000.0,89.0,NW Condition,60,8.9,1.0,70,Mid,pcd20260502hmpXML.xml
PCD,11,2026-05-02,4:00 AM,PACE,"NW $3,500 in Last 5 Starts Starters in a class higher than NW7500L4/5 or a winner this class or higher in Last Start ineligible AE: Starters in NW2500L4/5 in Last Start PA Preferred POCONO DOWNS AE: Starters in NW2500L4/5 or less in Last",8500.0,85.0,Open/Preferred,85,8.5,0.09090909090909091,94,Top,pcd20260502hmpXML.xml
PHL,1,2026-05-02,12:40 PM,PACE,"5 Year Olds & Under Horses, Colts & Geldings Non-Winners of 1 Ext. PM Race Lifetime AE: NW $10,000 Lifetime Pa Preferred",10500.0,74.0,Open/Preferred,85,7.4,0.9285714285714286,93,Top,phl20260502hmpXML.xml
PHL,2,2026-05-02,1:02 AM,PACE,"Claiming $10,000 Non-winners of race in last 3 Starts Pa Preferred",7000.0,78.0,Open/Preferred,85,7.800000000000001,0.2857142857142857,93,Top,phl20260502hmpXML.xml
PHL,3,2026-05-02,1:24 AM,PACE,"Fillies & Mares Claiming Handicap $10,000 - $15,000",8000.0,76.0,Claimer,55,7.6000000000000005,0.42857142857142855,63,Mid,phl20260502hmpXML.xml
PHL,4,2026-05-02,1:46 AM,PACE,"Claiming $10,000 Non-winners of race in last 3 Starts Pa Preferred",7000.0,76.0,Open/Preferred,85,7.6000000000000005,0.2857142857142857,93,Top,phl20260502hmpXML.xml
PHL,5,2026-05-02,2:08 AM,PACE,"5 Year Olds & Under Horses, Colts & Geldings Non-Winners of 1 Ext. PM Race Lifetime AE: NW $10,000 Lifetime Pa Preferred",10500.0,70.0,Open/Preferred,85,7.0,0.9285714285714286,93,Top,phl20260502hmpXML.xml
PHL,6,2026-05-02,2:30 AM,PACE,"Claiming $10,000 Pa Preferred  #4 & 5 Uncoupled per PHRC",7000.0,78.0,Open/Preferred,85,7.800000000000001,0.2857142857142857,93,Top,phl20260502hmpXML.xml
PHL,7,2026-05-02,2:52 AM,PACE,"5 Year Olds & Under Horses, Colts & Geldings Non-Winners of 1 Ext. PM Race Lifetime AE: NW $10,000 Lifetime Pa Preferred",10500.0,82.0,Open/Preferred,85,8.200000000000001,0.9285714285714286,94,Top,phl20260502hmpXML.xml
PHL,8,2026-05-02,3:14 AM,PACE,"Fillies & Mares Non-Winners $2,600 in Last 5 Starts Class Cap nw5000 AE: NW $10,000 in 2025/26",7500.0,76.0,NW Condition,60,7.6000000000000005,0.35714285714285715,68,Mid,phl20260502hmpXML.xml
PHL,9,2026-05-02,3:36 AM,PACE,"5 Year Olds & Under Horses, Colts & Geldings Non-Winners of 3 Ext. PM Races Lifetime AE: NW $30,000 Lifetime Pa Preferred",12000.0,76.0,Open/Preferred,85,7.6000000000000005,1.0,94,Top,phl20260502hmpXML.xml
PHL,10,2026-05-02,3:58 AM,PACE,"Fillies & Mares Non-Winners $7,500 in Last 5 Starts Class Cap nw10000 AE: NW 4 Ext Pm Races Lifetime AE: Starters in this class last start drawn outside  #2 & 7 Uncoupled per PHRC",10000.0,81.0,NW Condition,60,8.1,0.6428571428571429,69,Mid,phl20260502hmpXML.xml
PHL,11,2026-05-02,4:20 AM,PACE,"Non-Winners $1,250 in Last 5 Starts Class Cap nw2500 Pa Preferred",6500.0,77.0,Open/Preferred,85,7.7,0.07142857142857142,93,Top,phl20260502hmpXML.xml
PHL,12,2026-05-02,4:42 AM,PACE,"Non-Winners $5,250 in Last 5 Starts Class Cap nw7500 Pa Preferred  #3 & 6 Uncoupled per PHRC",8500.0,85.0,Open/Preferred,85,8.5,0.5714285714285714,94,Top,phl20260502hmpXML.xml
PHL,13,2026-05-02,5:04 AM,TROT,"5 Year Olds & Under Non-Winners of 1 Ext. PM Race Lifetime AE: NW $10,000 Lifetime Pa Preferred  #1 & 3 Uncoupled per PHRC #2 & 6 Uncoupled per PHRC",10500.0,68.0,Open/Preferred,85,6.800000000000001,0.9285714285714286,93,Top,phl20260502hmpXML.xml
PHL,14,2026-05-02,5:26 AM,PACE,"Fillies & Mares Non-Winners $5,000 in Last 5 Starts Class Cap nw7500 Pa Preferred",8500.0,80.0,Open/Preferred,85,8.0,0.5714285714285714,94,Top,phl20260502hmpXML.xml
PRC,1,2026-05-02,4:00 AM,PACE,5 YEARS AND OLDER WITH A TRACKMASTER RATING OF 65 OR LESS (MARES TRACKMASTER RATING OF 68 OR LESS),8000.0,64.0,"Mid (Unknown, purse 7k–12.9k)",60,6.4,0.1111111111111111,67,Mid,prc20260502hmpXML.xml
PRC,2,2026-05-02,4:20 AM,TROT,"5 YEARS AND OLDER WITH A TRACKMASTER RATING OF 68 OR LESS (MASS BRED OR OWNED TM RATING OF 69 OR LESS) WINNERS TMR 67 OR HIGHER LAST START NOT ELIGIBLE AE: NOT 1ST, 2ND OR 3RD IN TMR 67 AT PRC LAST START",8500.0,68.0,"Mid (Unknown, purse 7k–12.9k)",60,6.800000000000001,0.3333333333333333,67,Mid,prc20260502hmpXML.xml
PRC,3,2026-05-02,4:40 AM,PACE,"5 YEARS AND OLDER HORSES AND GELDINGS WITH A TRACKMASTER RATING OF 68 OR LESS (MASS BRED OR OWNED TM RATING OF 69 OR LESS) WINNERS TMR 67 OR HIGHER LAST START NOT ELIGIBLE AE: NOT 1ST, 2ND OR 3RD IN TMR 67 AT PRC LAST START",8500.0,71.0,"Mid (Unknown, purse 7k–12.9k)",60,7.1000000000000005,0.3333333333333333,67,Mid,prc20260502hmpXML.xml
PRC,4,2026-05-02,5:00 AM,PACE,5 YEAR OLDS AND UNDER HORSES AND GELDINGS WITH A TRACKMASTER RATING OF 74 OR LESS (MASS BRED OR OWNED TM RATING OF 75 OR LESS) WINNERS TMR 73 OR HIGHER LAST START NOT ELIGIBLE AE: TM RATING 75 OR LESS TO DRAW OUTSIDE POST POSITIONS,10000.0,73.0,"Mid (Unknown, purse 7k–12.9k)",60,7.300000000000001,0.7777777777777778,68,Mid,prc20260502hmpXML.xml
PRC,5,2026-05-02,5:20 AM,PACE,"5 YEARS AND OLDER HORSES AND GELDINGS WITH A TRACKMASTER RATING OF 71 OR LESS (MASS BRED OR OWNED TMR 72 OR LESS) (NON STARTERS IN 2026 TMR 72.5 OR LESS) AE: MA OWNED NW $20,000 IN 2025-26",9000.0,73.0,NW Condition,60,7.300000000000001,0.5555555555555556,68,Mid,prc20260502hmpXML.xml
PRC,6,2026-05-02,5:40 AM,PACE,"NEW ENGLAND AMATEUR DRIVERS CLUB TRACKMASTER RATING OF 71 OR LESS (MASS BRED/OWNED TM RATING OF 72 OR LESS) AE: MA OWNED NW $20,000 IN 2025-26 POST POSITIONS ASSIGNED TO TRACKMASTER RATING",9000.0,73.0,NW Condition,60,7.300000000000001,0.5555555555555556,68,Mid,prc20260502hmpXML.xml
PRC,7,2026-05-02,6:00 AM,PACE,"THE PAUL REVERE PACE 3 YEAR OLDS IN 2026 STARTING FEE $200.00 WIN ONLY NO PLACE NO SHOW Nos. 1, 2 & 4 UNCOUPLED FOR WAGERING PURPOSES",100000.0,84.0,"High (Unknown, purse≥13k)",85,8.4,1.0,94,Top,prc20260502hmpXML.xml
PRC,8,2026-05-02,6:20 AM,PACE,"5 YEARS AND OLDER  HORSES AND GELDINGS WITH A TRACKMASTER RATING OF 77 OR LESS (MASS BRED OR OWNED TM RATING 78 OR LESS) (NW 2 RACES IN 2026 TMR 78.5 OR LESS D.O.) AE: NOT 1ST, 2ND OR 3RD IN TMR 76 AT PRC LAST START",11000.0,78.0,NW Condition,60,7.800000000000001,0.8888888888888888,69,Mid,prc20260502hmpXML.xml
PRC,9,2026-05-02,6:40 AM,PACE,"5 YEARS AND OLDER HORSES AND GELDINGS WITH A TRACKMASTER RATING OF 74 OR LESS (MASS BRED/OWNED OR NW 2 RACES IN 2026 TMR 75 OR LESS) WINNERS TMR 73 OR HIGHER LAST START NOT ELIGIBLE AE: NOT 1ST, 2ND OR 3RD IN TMR 73 CLASS AT PRC LAST START",10000.0,76.0,NW Condition,60,7.6000000000000005,0.7777777777777778,68,Mid,prc20260502hmpXML.xml
RCR,1,2026-05-02,7:15 AM,PACE,"Maryland Preferred Non-Winners $1,000 Last 4 Starts or $23,000 in 2025-26 (15 starts required) Optional Claiming: $5,000 ROSECROFT Trackman Selections: 2-7-3-5 Driver Selections William R. Carter: #3 over #8 Russell Foster: #5 over #4",4500.0,82.0,Open/Preferred,85,8.200000000000001,0.2,93,Top,rcr20260502hmpXML.xml
RCR,2,2026-05-02,7:35 AM,PACE,"Maryland Preferred Claiming Handicap $7,500-$10,000 (Post positions drawn to base claiming price.) ROSECROFT Trackman Selections: 7-2-5-1 Phils Sun, Rose Run Zoar: Uncoupled per MRC. Driver Selections Russell Foster: #2 over #1",6000.0,80.0,Open/Preferred,85,8.0,0.5,94,Top,rcr20260502hmpXML.xml
RCR,3,2026-05-02,7:55 AM,PACE,"Maryland Preferred Non-Winners 2 Ext. PM Races or $12,500 Lifetime ROSECROFT Trackman Selections: 1-3-4-6 Lyons Wyatterp, Willie B: Uncoupled per MRC. Driver Selections Scott Scofield: #5 over #7",6500.0,73.0,Open/Preferred,85,7.300000000000001,0.6,93,Top,rcr20260502hmpXML.xml
RCR,4,2026-05-02,8:15 AM,PACE,"Maryland Preferred Non-Winners $2,500 Last 4 Starts ROSECROFT Trackman Selections: 5-4-6-2 Driver Selections Russell Foster: #2 over #8",6000.0,81.0,Open/Preferred,85,8.1,0.5,94,Top,rcr20260502hmpXML.xml
RCR,5,2026-05-02,8:35 AM,PACE,"Maryland Preferred Non-Winners $1,000 Last 4 Starts or TrackMaster Rating Less Than 70 ROSECROFT Trackman Selections: 2-3-1-5 Driver Selections Eric Davis: #6 over #2 Luck On The Beach: Scratched (Sick).",4500.0,76.0,Open/Preferred,85,7.6000000000000005,0.2,93,Top,rcr20260502hmpXML.xml
RCR,6,2026-05-02,8:55 AM,PACE,"Maryland Preferred Non-Winners $2,800 Last 4 Starts ROSECROFT Trackman Selections: 3-7-2-4 Shakas Pride, Everything B Cool: Uncoupled per MRC. Driver Selections Eric Davis: #3 over #1, #8 Lucas Myers: #4 over #5",6000.0,82.0,Open/Preferred,85,8.200000000000001,0.5,94,Top,rcr20260502hmpXML.xml
RCR,7,2026-05-02,9:15 AM,PACE,Maryland Preferred Winners of 2 but Not More Than 3 Ext. PM Races Lifetime ROSECROFT Trackman Selections: 7-1-3-4 Driver Selections Roger Plante Jr.: #7 over #2,7500.0,76.0,Open/Preferred,85,7.6000000000000005,0.9,94,Top,rcr20260502hmpXML.xml
RCR,8,2026-05-02,9:35 AM,PACE,"Maryland Preferred Non-Winners $4,000 Last 4 Starts or $30,000 in 2025-26 (20 starts required) Also Eligible: TrackMaster Rating Less Than 77 Optional Claiming: $15,000 ROSECROFT Trackman Selections: 6-2-3-4 Driver Selections Russell Foster: #6",7500.0,82.0,Open/Preferred,85,8.200000000000001,0.9,94,Top,rcr20260502hmpXML.xml
RCR,9,2026-05-02,9:55 AM,PACE,"Maryland Preferred Non-Winners $6,000 Last 4 Starts Optional Claiming: $20,000 Also Eligible: Non-Winners $9,000 Last 4 Starts (drawn for outside posts) ROSECROFT Trackman Selections: 6-5-7-9 Driver Selections Russell Foster: #6 over #8",9500.0,88.0,Open/Preferred,85,8.8,1.0,95,Top,rcr20260502hmpXML.xml
RCR,10,2026-05-02,10:15 AM,PACE,"Maryland Preferred Non-Winners $4,300 Last 4 Starts or $30,000 in 2025-26 (20 starts required) Also Eligible: NW 6 Ext. PM Races Lifetime Optional Claiming: $15,000 ROSECROFT Trackman Selections: 7-9-5-2 Poseidon Deo, R N B Band: Uncoupled per MRC.",7500.0,85.0,Open/Preferred,85,8.5,0.9,94,Top,rcr20260502hmpXML.xml
STGA,1,2026-05-02,12:00 PM,PACE,"$7,500 Claiming Allowance Non-Winners last 3 starts SARATOGA",5950.0,76.0,Claimer,55,7.6000000000000005,0.18181818181818182,63,Mid,stg20260502hmpXML.xml
STGA,2,2026-05-02,12:20 PM,PACE,"Colts & Geldings - Non-Winners $2,500 last 5 starts Non-Winners last 3 Allowed $500 AE: N/W $7,500 or 1 Ext P-M race in 2026 (Min 10 starts) or $5,000 in 2025-26 SARATOGA",6200.0,82.0,NW Condition,60,8.200000000000001,0.36363636363636365,69,Mid,stg20260502hmpXML.xml
STGA,3,2026-05-02,12:40 PM,PACE,"Colts & Geldings - Non-Winners $5,000 last 5 starts Non-Winners last 3 Allowed $1,000 AE: N/W $12,500 or 2 Ext. P-M races in 2026 (Min 10 starts) Opt. Clm. Alw. $12,000 SARATOGA",9000.0,83.0,NW Condition,60,8.3,0.5454545454545454,69,Mid,stg20260502hmpXML.xml
STGA,4,2026-05-02,1:00 AM,PACE,"$12,500 Claiming Allowance SARATOGA",11000.0,81.0,Claimer,55,8.1,0.6363636363636364,64,Mid,stg20260502hmpXML.xml
STGA,5,2026-05-02,1:20 AM,PACE,"Colts & Geldings - Winners of 2 but not more than 5 Ext. P-M races or $55,000 life Opt Clm. Alw. $15,000 for N/W 9 Ext. P-M races or $85,000 life. (NY Breds Allowed 1 win and $10,000 life) (Winners of consecutive starts in this class or higher Inel)",11750.0,78.0,NW Condition,60,7.800000000000001,0.7272727272727273,69,Mid,stg20260502hmpXML.xml
STGA,6,2026-05-02,1:40 AM,PACE,Winners Over / Open Handicap W/O Posts 1-7 Open Post 8 SARATOGA,18000.0,92.0,Open/Preferred,85,9.200000000000001,1.0,95,Top,stg20260502hmpXML.xml
STGA,7,2026-05-02,2:00 AM,PACE,"Non-Winners $10,000 last 5 starts AE: Non-Winners 9 Ext. P-M races or $105,000 life (NY Breds Allowed 1 win and $10,000 life) Opt. Clm. Alw. $25,000 SARATOGA IDEALOFADAY - First Time Lasix",14500.0,87.0,"High (Unknown, purse≥13k)",85,8.700000000000001,0.9090909090909091,95,Top,stg20260502hmpXML.xml
STGA,8,2026-05-02,2:20 AM,PACE,"$7,500 Claiming Allowance SARATOGA",7300.0,77.0,Claimer,55,7.7,0.45454545454545453,63,Mid,stg20260502hmpXML.xml
STGA,9,2026-05-02,2:40 AM,PACE,"$7,500 Claiming Allowance Non-Winners last 3 starts SARATOGA",5950.0,76.0,Claimer,55,7.6000000000000005,0.18181818181818182,63,Mid,stg20260502hmpXML.xml
STGA,10,2026-05-02,3:00 AM,PACE,"Colts & Geldings - Non-Winners $2,500 last 5 starts Non-Winners last 3 Allowed $500 AE: N/W $7,500 or 1 Ext P-M race in 2026 (Min 10 starts) or $5,000 in 2025-26 SARATOGA",6200.0,78.0,NW Condition,60,7.800000000000001,0.36363636363636365,68,Mid,stg20260502hmpXML.xml
STGA,11,2026-05-02,3:20 AM,PACE,"Non-Winners $7,500 last 5 starts Non-Winners last 3 Allowed $500 AE: Non-Winners 7 Ext. P-M races or $70,000 life (NY Breds Allowed 1 win and $10,000 life) Opt. Clm. Alw. $17,500 SARATOGA",13000.0,84.0,"High (Unknown, purse≥13k)",85,8.4,0.8181818181818182,94,Top,stg20260502hmpXML.xml
TGDN,1,2026-05-02,5:15 AM,PACE,"Fillies & Mares Non-Winners of 2 (NY owned or bred 3) PM Races or $22,500 Lifetime. Line(s) not available at time of publication: #1-BLUE JEAN",8500.0,68.0,"Mid (Unknown, purse 7k–12.9k)",60,6.800000000000001,0.8,68,Mid,tgd20260502hmpXML.xml
TGDN,2,2026-05-02,5:35 AM,PACE,"Non-Winners of 2 (NY owned or bred 3) PM Races or $22,500 Lifetime BOYD 5 OVER 3/6/7",8500.0,67.0,"Mid (Unknown, purse 7k–12.9k)",60,6.7,0.8,68,Mid,tgd20260502hmpXML.xml
TGDN,3,2026-05-02,5:55 AM,PACE,"Fillies & Mares - Claiming Handicap $5,000 - $7,500 (Plus Allowances)",6000.0,72.0,Claimer,55,7.2,0.4,63,Mid,tgd20260502hmpXML.xml
TGDN,4,2026-05-02,6:15 AM,TROT,"Non-Winners $8,001  Last 4 Starts BOYD 1 OVER 3",10000.0,86.0,"Mid (Unknown, purse 7k–12.9k)",60,8.6,0.9,70,Mid,tgd20260502hmpXML.xml
TGDN,5,2026-05-02,7:25 AM,PACE,"Fillies & Mares Non-Winners $4,501 Last 4 Starts or Non-Winners of 4 (NY O/S 5) PM Races Lifetime AE: TM Rating 75 or less AE: Claiming Price $15,000 (Plus Allowances) BOYD 4 OVER 6",8500.0,80.0,Claimer,55,8.0,0.8,64,Mid,tgd20260502hmpXML.xml
TGDN,6,2026-05-02,7:45 AM,TROT,"Non-Winners $1,501 Last 4 Starts AE: TM Rating 72 or less AE: Claiming Price $6,000 (Plus Allowances) PANTALEANO 8 OVER 3",6000.0,72.0,Claimer,55,7.2,0.4,63,Mid,tgd20260502hmpXML.xml
TGDN,7,2026-05-02,8:05 AM,TROT,"Non-Winners $10,001 Last 4 Starts AE: TM Rating 87.5 or less draw outside",11000.0,86.0,"Mid (Unknown, purse 7k–12.9k)",60,8.6,1.0,70,Mid,tgd20260502hmpXML.xml
TGDN,8,2026-05-02,8:25 AM,PACE,"Fillies & Mares Non-Winners $1,501 Last 4 Starts (Non-Winners of a race in 2026 allowed $100) AE: Claiming Price $6,000 (Plus Allowances) WARREN 6 OVER 3",6000.0,69.0,Claimer,55,6.9,0.4,62,Mid,tgd20260502hmpXML.xml
TGDN,9,2026-05-02,8:45 AM,PACE,"Fillies & Mares Non-Winners $3,001 Last 4 Starts AE: Claiming Pirce $10,000 (Plus Allowances) BOYD 7 OVER 9 WARREN 8 OVER 2/3",7000.0,77.0,Claimer,55,7.7,0.5,63,Mid,tgd20260502hmpXML.xml
TGDN,10,2026-05-02,9:05 AM,TROT,"Non-Winners $1,501 Last 4 Starts AE: TM Rating 72 or less AE: Claiming Price $6,000 (Plus Allowances) PANTALEANO 6 OVER 4",6000.0,79.0,Claimer,55,7.9,0.4,63,Mid,tgd20260502hmpXML.xml
VD,1,2026-05-02,5:05 AM,PACE,"Horse & Geldings N/W 1 (N/W L3 or NY Owned or Sired 2) PM Races or $5,000 Life",4000.0,56.0,NW Condition,60,5.6000000000000005,0.5,66,Mid,vdx20260502hmpXML.xml
VD,2,2026-05-02,5:25 AM,PACE,"N/W $2,501 Last 5 Starts (N/W L3 allowed $500) AE: N/W 5 (N/W L3 or NY Owned or Sired 6) PM Races or $25,000 life AE: Winners Base Class N/W $1,750 or less L/S or TMR 75 (N/W L3 75.5/2L5 76.75) or less- Opt. Clm. $10,000",5500.0,74.0,NW Condition,60,7.4,0.9166666666666666,68,Mid,vdx20260502hmpXML.xml
VD,3,2026-05-02,5:45 AM,TROT,"N/W 1 (N/W L3, F& M or NY Owned or Sired 2) PM Races or $5,000 Life (Field size limited to 8)",4000.0,69.0,NW Condition,60,6.9,0.5,67,Mid,vdx20260502hmpXML.xml
VD,4,2026-05-02,6:05 AM,TROT,"N/W $1,251 Last 5 Starts AE: TM Rating 68 (N/W L3 68.5/2L5 69) or less Winner this class or higher Last Start ineligible AE: Winners of 1 not more than 3 PM Races Lifetime Opt. Clm. $5,000",4000.0,70.0,NW Condition,60,7.0,0.5,68,Mid,vdx20260502hmpXML.xml
VD,5,2026-05-02,6:25 AM,TROT,"N/W 1 (N/W L3, F& M or NY Owned or Sired 2) PM Races or $5,000 Life (Field size limited to 8)",4000.0,58.0,NW Condition,60,5.800000000000001,0.5,66,Mid,vdx20260502hmpXML.xml
VD,6,2026-05-02,7:20 AM,TROT,"N/W $1,251 Last 5 Starts AE: TM Rating 68 (N/W L3 68.5/2L5 69) or less Winner this class or higher Last Start ineligible AE: Winners of 1 not more than 3 PM Races Lifetime Opt. Clm. $5,000",4000.0,76.0,NW Condition,60,7.6000000000000005,0.5,68,Mid,vdx20260502hmpXML.xml
VD,7,2026-05-02,7:40 AM,PACE,"N/W $2,501 Last 5 Starts (N/W L3 allowed $500) AE: N/W 5 (N/W L3 or NY Owned or Sired 6) PM Races or $25,000 Life AE: Winners Base Class N/W $1,751 or less L/S or TMR 75 (N/W L3 75.5/2L5 76.75) or less- Opt. Clm. $10,000",5500.0,82.0,NW Condition,60,8.200000000000001,0.9166666666666666,69,Mid,vdx20260502hmpXML.xml
VD,8,2026-05-02,8:00 AM,TROT,"N/W $1,751 Last 5 Starts (F& M or N/W L3 allowed $250) AE: N/W 3 (N/W L3 , F& M or NY Owned or Sired 4) PM Races or $15k Life AE: Winners Base Class N/W $1,251 or less Last Start or TM Rating 71.5 (N/W L3 72/2L5 72.8) or less Opt. Clm. $7,000",4500.0,75.0,NW Condition,60,7.5,0.6666666666666666,68,Mid,vdx20260502hmpXML.xml
VD,9,2026-05-02,8:20 AM,PACE,OPEN (May Be Handicapped - 6 horses may be required),8500.0,85.0,Open/Preferred,85,8.5,1.0,94,Top,vdx20260502hmpXML.xml
VD,10,2026-05-02,8:40 AM,PACE,"N/W $1,751 Last 5 Starts (N/W L3 allowed $250) AE: N/W 3 (N/W L3 or NY Owned or Sired 4) PM Races or $15,000 Life AE: Winners Base Class N/W $1,251 or less Last Start or TM Rating 72 (N/W L3 72.5/2L5 73) or less  - Opt. Clm. $7,000",4500.0,74.0,NW Condition,60,7.4,0.6666666666666666,68,Mid,vdx20260502hmpXML.xml
VD,11,2026-05-02,9:00 AM,PACE,"N/W $1,251 in Last 5 Starts AE: TM Rating 69 (N/W L3 69.5/2L5 70.15) or less AE: Winners Base Class N/W $1,000 or less Last Start Winner this class or higher Last Start ineligible Opt. Clm. $5,000",4000.0,74.0,NW Condition,60,7.4,0.5,68,Mid,vdx20260502hmpXML.xml
VD,12,2026-05-02,9:20 AM,TROT,"N/W $2,501 Last 5 Starts (F& M or N/W L3 allowed $500) AE: N/W 5 (N/W L3, F& M or NY Owned or Sired 6) PM Races or $25k Life AE: Winners Base Class N/W $1,751 or less Last Start or TM Rating 74.5 (N/W L3 75/2L5 75.5) or less Opt. Clm. $10,000",5500.0,76.0,NW Condition,60,7.6000000000000005,0.9166666666666666,69,Mid,vdx20260502hmpXML.xml
WBSB,1,2026-05-02,6:30 AM,PACE,"NW $6,000 LAST 4 STARTS OR NW $16,250 LAST 8 STARTS. AE: STARTER FOR PURSE OF $10,000 OR LESS L2. AE: OS 4YO NW $5,000 L3.",16000.0,85.0,NW Condition,60,8.5,0.3333333333333333,69,Mid,wbs20260502hmpXML.xml
WBSB,2,2026-05-02,7:15 AM,PACE,"NW $13,000 LAST 4 STARTS OR NW $33,500 LAST 8 STARTS.",26000.0,90.0,NW Condition,60,9.0,0.9166666666666666,70,Mid,wbs20260502hmpXML.xml
WBSB,3,2026-05-02,7:39 AM,PACE,"5 YEAR OLDS & YOUNGER, WINNERS OF 3 BUT NOT MORE THAN 5 RACES OR $100,000 LIFETIME. AE: 4 YR OLDS NW $25,000 LAST 4 STARTS.",24000.0,86.0,NW Condition,60,8.6,0.75,69,Mid,wbs20260502hmpXML.xml
WBSB,4,2026-05-02,8:03 AM,PACE,"POP UP SERIES: FILLIES & MARES, STARTERS FOR PURSE OF $12,500 OR LESS IN 2026 (W/O $50,000 IN 2026 N/E). LEG 1.",16000.0,79.0,"High (Unknown, purse≥13k)",85,7.9,0.3333333333333333,93,Top,wbs20260502hmpXML.xml
WBSB,5,2026-05-02,8:27 AM,PACE,"4 YEAR OLDS & YOUNGER NW $15,000 (ON SIRED $18,750) LIFETIME.",19000.0,69.0,NW Condition,60,6.9,0.4166666666666667,67,Mid,wbs20260502hmpXML.xml
WBSB,6,2026-05-02,8:51 AM,PACE,"5 YEAR OLDS & YOUNGER, NW 2 RACES OR $30,000 (OS $37,500) LIFETIME.",20000.0,75.0,NW Condition,60,7.5,0.5,68,Mid,wbs20260502hmpXML.xml
WBSB,7,2026-05-02,9:15 AM,PACE,"FILLIES & MARES, NW $14,000 LAST 4 STARTS OR NW $24,000 LAST 8 STARTS. AE: OPT. CLM. $70,000. AE: NW $120,000 LIFETIME.",26000.0,82.0,NW Condition,60,8.200000000000001,0.9166666666666666,69,Mid,wbs20260502hmpXML.xml
WBSB,8,2026-05-02,9:39 AM,PACE,"NW $6,000 LAST 4 STARTS OR NW $16,250 LAST 8 STARTS. AE: STARTER FOR PURSE OF $10,000 OR LESS L2. AE: OS 4YO NW $5,000 L3.",16000.0,85.0,NW Condition,60,8.5,0.3333333333333333,69,Mid,wbs20260502hmpXML.xml
WBSB,9,2026-05-02,10:03 AM,PACE,OPEN.,40000.0,93.0,Open/Preferred,85,9.3,1.0,95,Top,wbs20260502hmpXML.xml
WBSB,10,2026-05-02,10:27 AM,PACE,"NW $9,000 LAST 4 STARTS OR NW $22,000 LAST 8 STARTS. AE: OPT. CLM. $50,000.",22000.0,87.0,NW Condition,60,8.700000000000001,0.6666666666666666,69,Mid,wbs20260502hmpXML.xml
WBSB,11,2026-05-02,10:51 AM,PACE,"POP UP SERIES: FILLIES & MARES, STARTERS FOR PURSE OF $12,500 OR LESS IN 2026 (W/O $50,000 IN 2026 N/E). LEG 1.",16000.0,79.0,"High (Unknown, purse≥13k)",85,7.9,0.3333333333333333,93,Top,wbs20260502hmpXML.xml
WBSB,12,2026-05-02,11:15 AM,PACE,"5 YEAR OLDS & YOUNGER, NW 3 RACES OR $50,000 (OS $62,500) LIFETIME. AE: OS 4 YR OLDS N/A $2,190 P/S IN 2025-26.",22000.0,81.0,NW Condition,60,8.1,0.6666666666666666,69,Mid,wbs20260502hmpXML.xml
WDSTK,1,2026-05-02,1:05 AM,TROT,Aged Breeders Fund- (Mares) NO. 1 & NO. 4 N. LISI TRAINS A. LISI OWNS RACE UNCOUPLED BY VRC APPROVAL F. PAQUET JR PICKED 3 OVER 1,20000.0,78.0,Stakes,80,7.800000000000001,1.0,89,High,wds20260502hmpXML.xml
WDSTK,2,2026-05-02,1:23 AM,TROT,"6 Year & Under - NW 2 (VA & FM 3) PM Races or $15,000 (VA & FM $18,750) Lifetime. (NW 1 PM drawn inside) $2 WIN, PLACE & SHOW NO. 2 VIRGINIA BELLE FIRST TIME LASIX",6000.0,58.0,NW Condition,60,5.800000000000001,0.5333333333333333,66,Mid,wds20260502hmpXML.xml
WDSTK,3,2026-05-02,1:41 AM,TROT,Aged Breeders Fund (H& G) NO. 1 & NO. 3 G. MESSENGER TRAINS S. WOOGEN OWNS RACE UNCOUPLED BY VRC APPROVAL,20000.0,77.0,Stakes,80,7.7,1.0,89,High,wds20260502hmpXML.xml
WDSTK,4,2026-05-02,1:59 AM,PACE,"Fillies and Mares Non Winners 2 (VA 3) PM Races or $15,000 (VA $18,750) Life. $2 WIN, PLACE & SHOW",6000.0,65.0,"Low (Unknown, purse<7k)",10,6.5,0.5333333333333333,17,Low,wds20260502hmpXML.xml
WDSTK,5,2026-05-02,2:17 AM,PACE,Aged Breeders Fund (H& G) NO. 4 & NO. 6 CH. MYERS OWNS CH. MYERS OWNS (IN PARTNERSHIP) RACE UNCOUPLED BY VRC APPROVAL C. MYERS PICKED 6 OVER 3,20000.0,79.0,Stakes,80,7.9,1.0,89,High,wds20260502hmpXML.xml
WDSTK,6,2026-05-02,2:35 AM,PACE,"NW $3,500 (VA & FM $4,375) Last 4 Starts or TM of 74 or Less (VA & FM 76). AE: NW 6 (VA & FM 7) PM Races Life. Opt. Claim $10,000 $2 WIN, PLACE & SHOW",6750.0,77.0,Claimer,55,7.7,0.6,63,Mid,wds20260502hmpXML.xml
WDSTK,7,2026-05-02,2:53 AM,PACE,Aged Breeders Fund -(Mares) W. R. CARTER PICKED 6 OVER 7,20000.0,74.0,Stakes,80,7.4,1.0,88,High,wds20260502hmpXML.xml
WDSTK,8,2026-05-02,3:11 AM,PACE,"NW $5,000(VA & FM $6,250) Last 4 Starts or 7 (VA & FM 8) PM races life AE: TM of 76 or Less (VA & FM 78).Opt. Claim $15,000 $2 WIN, PLACE & SHOW NOS. 1 & 5 AND NOS. 3 & 6 RACE WITH COMMON TRAINERS AND/OR OWNERS RACE UNCOUPLED BY VRC APPROVAL",8000.0,79.0,Claimer,55,7.9,0.6666666666666666,64,Mid,wds20260502hmpXML.xml
WDSTK,9,2026-05-02,3:29 AM,PACE,"Open Handicap (PP 1-6 Assigned) $2 WIN, PLACE & SHOW NOS. 2 & 6 AND NOS. 3 & 5 RACE WITH COMMON TRAINERS AND/OR OWNERS RACE UNCOUPLED BY VRC APPROVAL C. BRADEN PICKED 6 OVER 1",10000.0,89.0,Open/Preferred,85,8.9,0.7333333333333333,95,Top,wds20260502hmpXML.xml
WDSTK,10,2026-05-02,3:47 AM,PACE,"6 Year Old & Under -NW 1 (VA & FM 2) PM Race or $5,000 (VA & FM $6,250) Lifetime. (Maidens drawn inside) $2 WIN, PLACE & SHOW F. PAQUET JR PICKED 4 OVER 6",5000.0,61.0,NW Condition,60,6.1000000000000005,0.26666666666666666,66,Mid,wds20260502hmpXML.xml
WDSTK,11,2026-05-02,4:05 AM,PACE,"NW $1,500 (VA & FM $2,200) Last 4 Starts. or TM Rating  70.80 or Less (VA & FM 72). Starters in class higher than NW $3500 last start or winner this class last start ineligible. Opt. Claim $6000 $2 WIN, PLACE & SHOW L. MYERS PICKED 6 OVER 2 & 7",5000.0,70.0,Claimer,55,7.0,0.26666666666666666,62,Mid,wds20260502hmpXML.xml
WDSTK,12,2026-05-02,4:23 AM,TROT,"6 Year & Under - NW 2 (VA & FM 3) PM Races or $15,000 (VA & FM $18,750) Lifetime. (NW 1 PM drawn  inside) $2 WIN, PLACE & SHOW F. PAQUET JR PICKED 4 OVER 5",6000.0,66.0,NW Condition,60,6.6000000000000005,0.5333333333333333,67,Mid,wds20260502hmpXML.xml
WDSTK,13,2026-05-02,4:41 AM,PACE,"NW $1,500 (VA & FM $2,200) Last 4 Starts. or TM Rating  70.80 or Less (VA & FM 72). Starters in class higher than NW $3500 last start or winner this class last start ineligible. Opt. Claim $6000 $2 WIN, PLACE & SHOW C. MYERS PICKED 2 OVER 7",5000.0,72.0,Claimer,55,7.2,0.26666666666666666,62,Mid,wds20260502hmpXML.xml
WDSTK,14,2026-05-02,4:59 AM,TROT,"6 Year & Under - NW 2 (VA & FM 3) PM Races or $15,000 (VA & FM $18,750) Lifetime. (NW 1 PM drawn inside) $2 WIN, PLACE & SHOW C. BRADEN PICKED 3 OVER 6",6000.0,59.0,NW Condition,60,5.9,0.5333333333333333,66,Mid,wds20260502hmpXML.xml
WDSTK,15,2026-05-02,5:17 AM,PACE,"NW $1,500 (VA & FM $2,200) Last 4 Starts. or TM Rating  70.80 or Less (VA & FM 72). Starters in class higher than NW $3500 last start or winner this class last start ineligible.    Opt. Claim $6000",5000.0,73.0,Claimer,55,7.300000000000001,0.26666666666666666,63,Mid,wds20260502hmpXML.xml
YR,1,2026-05-02,3:30 AM,PACE,"F& M CLAIMING ALLOWANCE $20,000 (L) TREATED WITH LASIX",16000.0,80.0,Claimer,55,8.0,0.5555555555555556,64,Mid,yrx20260502hmpXML.xml
YR,2,2026-05-02,3:50 AM,PACE,"3-6 YEAR OLD CLAIMING ALLOWANCE $20,000 (L) TREATED WITH LASIX",16000.0,84.0,Claimer,55,8.4,0.5555555555555556,64,Mid,yrx20260502hmpXML.xml
YR,3,2026-05-02,4:10 AM,PACE,"3-5 YO F& M WINNERS OF 2 BUT NOT MORE THAN 4 P-M RACES OR $60,000 LT AE: NW 2 P-M RACES OR $30,000 LT DRAW INSIDE. (L) TREATED WITH LASIX",19000.0,82.0,NW Condition,60,8.200000000000001,0.8888888888888888,69,Mid,yrx20260502hmpXML.xml
YR,4,2026-05-02,4:30 AM,TROT,"3-5 YO NW 2 P-M RACES OR $43,426 LT NO. 1 ACOUSTIC BLUE CHIP - FIRST TIME LASIX (L) TREATED WITH LASIX",17000.0,74.0,NW Condition,60,7.4,0.6666666666666666,68,Mid,yrx20260502hmpXML.xml
YR,5,2026-05-02,4:50 AM,TROT,"3-5 YO WINNERS OF 5 BUT NOT MORE THAN 7 P-M RACES OR $90,000 LT AE: WINNERS OF 2 BUT NOT MORE THAN 4 P-M RACES OR $60,000 LT DRAW INSIDE (L) TREATED WITH LASIX",22000.0,85.0,"High (Unknown, purse≥13k)",85,8.5,1.0,94,Top,yrx20260502hmpXML.xml
YR,6,2026-05-02,5:10 AM,PACE,"3-6 YEAR OLD CLAIMING ALLOWANCE $20,000 (L) TREATED WITH LASIX",16000.0,83.0,Claimer,55,8.3,0.5555555555555556,64,Mid,yrx20260502hmpXML.xml
YR,7,2026-05-02,5:30 AM,TROT,"3-5 YO WINNERS OF 2 BUT NOT MORE THAN 4 P-M RACES OR $60,000 LT. (L) TREATED WITH LASIX",19000.0,79.0,"High (Unknown, purse≥13k)",85,7.9,0.8888888888888888,94,Top,yrx20260502hmpXML.xml
YR,8,2026-05-02,5:50 AM,PACE,"CLAIMING ALLOWANCE $20,000. (L) TREATED WITH LASIX",16000.0,83.0,Claimer,55,8.3,0.5555555555555556,64,Mid,yrx20260502hmpXML.xml
YR,9,2026-05-02,6:10 AM,PACE,"CLAIMING ALLOWANCE $15,000. SCRATCHED: BLACK HAWK JOE A (JUDGES) (L) TREATED WITH LASIX",15000.0,81.0,Claimer,55,8.1,0.1111111111111111,63,Mid,yrx20260502hmpXML.xml
